Time,DistanceX,DistanceY,rnti,sinr
0.1,-249.879,-249.72,1,23.4
0.1,-249.683,-249.785,2,23.03
0.1,-249.992,-250.319,3,23.02
0.2,-249.758,-249.439,1,23.4
0.2,-249.367,-249.57,2,23.03
0.2,-249.985,-250.638,3,23.02
0.3,-249.638,-249.159,1,23.4
0.3,-249.312,-249.498,2,23.03
0.3,-249.977,-250.957,3,23.02
0.4,-249.793,-249.101,1,23.4
0.4,-249.673,-249.65,2,23.03
0.4,-249.775,-251.261,3,23.02
0.5,-250.054,-249.127,1,23.4
0.5,-250.034,-249.803,2,23.03
0.5,-249.544,-251.562,3,23.02
0.6,-250.315,-249.154,1,23.4
0.6,-250.276,-249.852,2,23.03
0.6,-249.411,-251.85,3,23.02
0.7,-250.576,-249.181,1,23.4
0.7,-250.494,-249.881,2,23.03
0.7,-249.604,-252.096,3,23.02
0.8,-250.947,-249.208,1,23.4
0.8,-250.712,-249.91,2,23.03
0.8,-249.796,-252.342,3,23.02
0.9,-251.329,-249.235,1,23.4
0.9,-250.93,-249.939,2,23.03
0.9,-249.976,-252.587,3,23.02
1.0,-251.605,-249.353,1,23.4
1.0,-251.12,-249.91,2,23.03
1.0,-249.777,-252.798,3,23.02
1.1,-251.634,-249.681,1,23.4
1.1,-251.242,-249.74,2,23.03
1.1,-249.577,-253.008,3,23.02
1.2,-251.662,-250.01,1,23.4
1.2,-251.364,-249.57,2,23.03
1.2,-249.377,-253.218,3,23.02
1.3,-251.719,-250.188,1,23.4
1.3,-251.486,-249.4,2,23.03
1.3,-249.436,-253.449,3,23.02
1.4,-251.849,-249.959,1,23.4
1.4,-251.608,-249.23,2,23.03
1.4,-249.679,-253.693,3,23.02
1.5,-251.979,-249.729,1,23.4
1.5,-251.762,-249.217,2,23.03
1.5,-249.922,-253.937,3,23.02
1.6,-252.109,-249.499,1,23.4
1.6,-251.947,-249.353,2,23.03
1.6,-250.072,-253.8,3,23.02
1.7,-252.175,-249.188,1,23.4
1.7,-252.132,-249.489,2,23.03
1.7,-250.178,-253.486,3,23.02
1.8,-252.172,-248.789,1,23.4
1.8,-252.317,-249.626,2,23.03
1.8,-250.284,-253.171,3,23.02
1.9,-252.169,-248.39,1,23.4
1.9,-252.46,-249.695,2,23.03
1.9,-250.523,-253.04,3,23.02
2.0,-251.809,-248.241,1,23.4
2.0,-252.388,-249.411,2,23.03
2.0,-250.826,-252.999,3,23.02
2.1,-251.44,-248.098,1,23.4
2.1,-252.315,-249.128,2,23.03
2.1,-251.13,-252.959,3,23.02
2.2,-251.207,-247.859,1,23.4
2.2,-252.242,-248.845,2,23.03
2.2,-251.251,-253.006,3,23.02
2.3,-251.142,-247.503,1,23.4
2.3,-252.338,-248.578,2,23.03
2.3,-251.107,-253.18,3,23.02
2.4,-251.076,-247.147,1,23.4
2.4,-252.492,-248.316,2,23.03
2.4,-250.963,-253.354,3,23.02
2.5,-250.983,-246.917,1,23.4
2.5,-252.647,-248.055,2,23.03
2.5,-250.819,-253.529,3,23.02
2.6,-250.877,-246.746,1,23.4
2.6,-252.802,-247.769,2,23.03
2.6,-250.675,-253.703,3,23.02
2.7,-250.772,-246.574,1,23.4
2.7,-252.959,-247.452,2,23.03
2.7,-250.507,-253.467,3,23.02
2.8,-250.666,-246.402,1,23.4
2.8,-253.115,-247.136,2,23.03
2.8,-250.339,-253.225,3,23.02
2.9,-250.561,-246.23,1,23.4
2.9,-253.261,-246.804,2,23.03
2.9,-250.17,-252.982,3,23.02
3.0,-250.478,-246.011,1,23.4
3.0,-253.4,-246.464,2,23.03
3.0,-250.187,-253.001,3,23.02
3.1,-250.405,-245.776,1,23.4
3.1,-253.539,-246.124,2,23.03
3.1,-250.329,-253.196,3,23.02
3.2,-250.331,-245.54,1,23.4
3.2,-253.26,-246.191,2,23.03
3.2,-250.471,-253.391,3,23.02
3.3,-250.257,-245.304,1,23.4
3.3,-252.933,-246.305,2,23.03
3.3,-250.613,-253.586,3,23.02
3.4,-250.127,-245.033,1,23.4
3.4,-252.609,-246.413,2,23.03
3.4,-250.826,-253.801,3,23.02
3.5,-249.97,-244.744,1,23.4
3.5,-252.574,-246.052,2,23.03
3.5,-251.123,-254.038,3,23.02
3.6,-249.813,-244.455,1,23.4
3.6,-252.539,-245.691,2,23.03
3.6,-251.421,-254.276,3,23.02
3.7,-249.94,-244.201,1,23.4
3.7,-252.467,-245.45,2,23.03
3.7,-251.597,-254.203,3,23.02
3.8,-250.229,-243.965,1,23.4
3.8,-252.289,-245.56,2,23.03
3.8,-251.748,-254.065,3,23.02
3.9,-250.517,-243.73,1,23.4
3.9,-252.11,-245.669,2,23.03
3.9,-251.899,-253.927,3,23.02
4.0,-250.669,-243.515,1,23.4
4.0,-251.931,-245.779,2,23.03
4.0,-252.049,-253.789,3,23.02
4.1,-250.813,-243.301,1,23.4
4.1,-251.752,-245.889,2,23.03
4.1,-252.2,-253.651,3,23.02
4.2,-250.958,-243.087,1,23.4
4.2,-251.652,-245.78,2,23.03
4.2,-252.34,-253.445,3,23.02
4.3,-251.069,-242.877,1,23.4
4.3,-251.634,-245.442,2,23.03
4.3,-252.48,-253.235,3,23.02
4.4,-250.794,-242.711,1,23.4
4.4,-251.616,-245.105,2,23.03
4.4,-252.62,-253.025,3,23.02
4.5,-250.518,-242.544,1,23.4
4.5,-251.535,-244.794,2,23.03
4.5,-252.76,-252.815,3,23.02
4.6,-250.243,-242.378,1,23.4
4.6,-251.399,-244.507,2,23.03
4.6,-252.64,-252.598,3,23.02
4.7,-250.536,-242.573,1,23.4
4.7,-251.262,-244.22,2,23.03
4.7,-252.513,-252.381,3,23.02
4.8,-250.846,-242.778,1,23.4
4.8,-251.228,-244.165,2,23.03
4.8,-252.387,-252.164,3,23.02
4.9,-251.115,-242.963,1,23.4
4.9,-251.358,-244.48,2,23.03
4.9,-252.26,-251.947,3,23.02
5.0,-251.281,-243.094,1,23.4
5.0,-251.488,-244.795,2,23.03
5.0,-251.964,-251.832,3,23.02
5.1,-251.447,-243.226,1,23.4
5.1,-251.611,-244.828,2,23.03
5.1,-251.668,-251.718,3,23.02
5.2,-251.613,-243.357,1,23.4
5.2,-251.726,-244.517,2,23.03
5.2,-251.372,-251.604,3,23.02
5.3,-251.779,-243.488,1,23.4
5.3,-251.841,-244.206,2,23.03
5.3,-251.492,-251.456,3,23.02
5.4,-251.713,-243.683,1,23.4
5.4,-251.816,-244.023,2,23.03
5.4,-251.687,-251.302,3,23.02
5.5,-251.463,-243.926,1,23.4
5.5,-251.607,-244.005,2,23.03
5.5,-251.882,-251.148,3,23.02
5.6,-251.214,-244.17,1,23.4
5.6,-251.399,-243.987,2,23.03
5.6,-252.078,-250.994,3,23.02
5.7,-251.384,-244.194,1,23.4
5.7,-251.19,-243.97,2,23.03
5.7,-252.244,-251.095,3,23.02
5.8,-251.742,-244.12,1,23.4
5.8,-250.982,-243.952,2,23.03
5.8,-252.404,-251.25,3,23.02
5.9,-252.1,-244.046,1,23.4
5.9,-250.759,-244.037,2,23.03
5.9,-252.564,-251.405,3,23.02
6.0,-252.124,-243.685,1,23.4
6.0,-250.529,-244.175,2,23.03
6.0,-252.723,-251.559,3,23.02
6.1,-252.133,-243.31,1,23.4
6.1,-250.298,-244.314,2,23.03
6.1,-252.944,-251.694,3,23.02
6.2,-252.245,-243.029,1,23.4
6.2,-250.068,-244.452,2,23.03
6.2,-253.29,-251.789,3,23.02
6.3,-252.613,-242.982,1,23.4
6.3,-249.849,-244.75,2,23.03
6.3,-253.636,-251.883,3,23.02
6.4,-252.982,-242.935,1,23.4
6.4,-249.632,-245.06,2,23.03
6.4,-253.676,-252.008,3,23.02
6.5,-253.072,-243.056,1,23.4
6.5,-249.381,-245.329,2,23.03
6.5,-253.455,-252.158,3,23.02
6.6,-252.973,-243.292,1,23.4
6.6,-249.05,-245.501,2,23.03
6.6,-253.234,-252.308,3,23.02
6.7,-252.874,-243.528,1,23.4
6.7,-248.72,-245.672,2,23.03
6.7,-253.013,-252.458,3,23.02
6.8,-252.775,-243.764,1,23.4
6.8,-248.518,-245.939,2,23.03
6.8,-252.83,-252.649,3,23.02
6.9,-252.611,-243.935,1,23.4
6.9,-248.4,-246.27,2,23.03
6.9,-252.657,-252.851,3,23.02
7.0,-252.417,-244.077,1,23.4
7.0,-248.283,-246.601,2,23.03
7.0,-252.484,-253.053,3,23.02
7.1,-252.223,-244.219,1,23.4
7.1,-248.223,-246.896,2,23.03
7.1,-252.317,-253.238,3,23.02
7.2,-252.029,-244.361,1,23.4
7.2,-248.182,-247.181,2,23.03
7.2,-252.306,-252.961,3,23.02
7.3,-251.839,-244.556,1,23.4
7.3,-248.141,-247.465,2,23.03
7.3,-252.296,-252.684,3,23.02
7.4,-251.652,-244.8,1,23.4
7.4,-248.007,-247.664,2,23.03
7.4,-252.285,-252.407,3,23.02
7.5,-251.466,-245.043,1,23.4
7.5,-247.623,-247.635,2,23.03
7.5,-252.3,-252.371,3,23.02
7.6,-251.262,-245.207,1,23.4
7.6,-247.239,-247.606,2,23.03
7.6,-252.348,-252.657,3,23.02
7.7,-251.009,-245.147,1,23.4
7.7,-247.025,-247.737,2,23.03
7.7,-252.396,-252.944,3,23.02
7.8,-250.756,-245.087,1,23.4
7.8,-246.894,-247.944,2,23.03
7.8,-252.444,-253.23,3,23.02
7.9,-250.503,-245.028,1,23.4
7.9,-246.762,-248.152,2,23.03
7.9,-252.355,-253.045,3,23.02
8.0,-250.421,-244.918,1,23.4
8.0,-246.63,-248.359,2,23.03
8.0,-252.263,-252.853,3,23.02
8.1,-250.579,-244.739,1,23.4
8.1,-246.533,-248.302,2,23.03
8.1,-252.172,-252.66,3,23.02
8.2,-250.737,-244.56,1,23.4
8.2,-246.46,-248.073,2,23.03
8.2,-252.08,-252.467,3,23.02
8.3,-250.894,-244.381,1,23.4
8.3,-246.386,-247.844,2,23.03
8.3,-252.066,-252.276,3,23.02
8.4,-251.028,-244.177,1,23.4
8.4,-246.312,-247.615,2,23.03
8.4,-252.236,-252.087,3,23.02
8.5,-251.082,-243.891,1,23.4
8.5,-246.215,-247.582,2,23.03
8.5,-252.405,-251.898,3,23.02
8.6,-251.135,-243.604,1,23.4
8.6,-246.091,-247.786,2,23.03
8.6,-252.575,-251.709,3,23.02
8.7,-251.189,-243.318,1,23.4
8.7,-245.967,-247.991,2,23.03
8.7,-252.558,-251.622,3,23.02
8.8,-251.517,-243.246,1,23.4
8.8,-245.842,-248.195,2,23.03
8.8,-252.207,-251.717,3,23.02
8.9,-251.915,-243.23,1,23.4
8.9,-245.668,-248.334,2,23.03
8.9,-251.856,-251.812,3,23.02
9.0,-252.158,-243.265,1,23.4
9.0,-245.359,-248.297,2,23.03
9.0,-251.707,-252.012,3,23.02
9.1,-252.014,-243.428,1,23.4
9.1,-245.051,-248.259,2,23.03
9.1,-251.689,-252.281,3,23.02
9.2,-251.869,-243.592,1,23.4
9.2,-244.752,-248.24,2,23.03
9.2,-251.67,-252.549,3,23.02
9.3,-251.725,-243.756,1,23.4
9.3,-244.626,-248.525,2,23.03
9.3,-251.651,-252.817,3,23.02
9.4,-251.581,-243.919,1,23.4
9.4,-244.499,-248.81,2,23.03
9.4,-251.4,-252.594,3,23.02
9.5,-251.588,-243.783,1,23.4
9.5,-244.373,-249.095,2,23.03
9.5,-251.119,-252.31,3,23.02
9.6,-251.659,-243.52,1,23.4
9.6,-244.238,-248.842,2,23.03
9.6,-250.888,-252.207,3,23.02
9.7,-251.73,-243.258,1,23.4
9.7,-244.103,-248.493,2,23.03
9.7,-250.737,-252.397,3,23.02
9.8,-251.809,-242.996,1,23.4
9.8,-244.053,-248.217,2,23.03
9.8,-250.586,-252.587,3,23.02
9.9,-252.124,-242.77,1,23.4
9.9,-244.4,-248.277,2,23.03
9.9,-250.434,-252.776,3,23.02
10.0,-252.439,-242.543,1,23.4
10.0,-244.747,-248.336,2,23.03
10.0,-250.225,-252.934,3,23.02
10.1,-252.62,-242.256,1,23.4
10.1,-244.884,-248.327,2,23.03
10.1,-249.85,-253.0,3,23.02
10.2,-252.641,-241.896,1,23.4
10.2,-244.607,-248.181,2,23.03
10.2,-249.476,-253.067,3,23.02
10.3,-252.661,-241.536,1,23.4
10.3,-244.331,-248.036,2,23.03
10.3,-249.277,-252.926,3,23.02
10.4,-252.612,-241.213,1,23.4
10.4,-244.13,-247.901,2,23.03
10.4,-249.182,-252.665,3,23.02
10.5,-252.531,-240.908,1,23.4
10.5,-244.409,-247.834,2,23.03
10.5,-249.086,-252.403,3,23.02
10.6,-252.45,-240.603,1,23.4
10.6,-244.687,-247.767,2,23.03
10.6,-248.999,-252.142,3,23.02
10.7,-252.258,-240.384,1,23.4
10.7,-244.966,-247.7,2,23.03
10.7,-249.118,-251.892,3,23.02
10.8,-251.962,-240.247,1,23.4
10.8,-245.251,-247.603,2,23.03
10.8,-249.237,-251.641,3,23.02
10.9,-251.665,-240.11,1,23.4
10.9,-245.54,-247.489,2,23.03
10.9,-249.356,-251.39,3,23.02
11.0,-251.369,-240.0,1,23.4
11.0,-245.829,-247.375,2,23.03
11.0,-249.594,-251.26,3,23.02
11.1,-251.073,-239.922,1,23.4
11.1,-246.075,-247.439,2,23.03
11.1,-249.987,-251.287,3,23.02
11.2,-250.777,-239.845,1,23.4
11.2,-246.264,-247.743,2,23.03
11.2,-250.379,-251.313,3,23.02
11.3,-250.516,-239.841,1,23.4
11.3,-246.452,-248.046,2,23.03
11.3,-250.647,-251.144,3,23.02
11.4,-250.411,-240.163,1,23.4
11.4,-246.387,-248.284,2,23.03
11.4,-250.901,-250.952,3,23.02
11.5,-250.306,-240.486,1,23.4
11.5,-246.172,-248.483,2,23.03
11.5,-251.155,-250.76,3,23.02
11.6,-250.273,-240.697,1,23.4
11.6,-245.958,-248.682,2,23.03
11.6,-251.072,-250.667,3,23.02
11.7,-250.472,-240.55,1,23.4
11.7,-245.76,-248.804,2,23.03
11.7,-250.877,-250.608,3,23.02
11.8,-250.671,-240.403,1,23.4
11.8,-245.625,-248.637,2,23.03
11.8,-250.683,-250.548,3,23.02
11.9,-250.87,-240.255,1,23.4
11.9,-245.489,-248.47,2,23.03
11.9,-250.488,-250.489,3,23.02
12.0,-250.976,-240.173,1,23.4
12.0,-245.353,-248.303,2,23.03
12.0,-250.294,-250.429,3,23.02
12.1,-250.7,-240.36,1,23.4
12.1,-245.218,-248.136,2,23.03
12.1,-250.256,-250.232,3,23.02
12.2,-250.424,-240.546,1,23.4
12.2,-245.052,-248.237,2,23.03
12.2,-250.249,-250.008,3,23.02
12.3,-250.2,-240.735,1,23.4
12.3,-244.862,-248.544,2,23.03
12.3,-250.242,-249.784,3,23.02
12.4,-250.195,-240.936,1,23.4
12.4,-244.673,-248.852,2,23.03
12.4,-250.236,-249.56,3,23.02
12.5,-250.19,-241.137,1,23.4
12.5,-244.557,-248.733,2,23.03
12.5,-250.095,-249.409,3,23.02
12.6,-250.185,-241.338,1,23.4
12.6,-244.46,-248.505,2,23.03
12.6,-249.729,-249.38,3,23.02
12.7,-250.18,-241.539,1,23.4
12.7,-244.363,-248.277,2,23.03
12.7,-249.363,-249.351,3,23.02
12.8,-250.134,-241.732,1,23.4
12.8,-244.265,-248.049,2,23.03
12.8,-249.201,-249.148,3,23.02
12.9,-249.94,-241.9,1,23.4
12.9,-244.405,-247.916,2,23.03
12.9,-249.149,-248.85,3,23.02
13.0,-249.747,-242.069,1,23.4
13.0,-244.618,-247.813,2,23.03
13.0,-249.097,-248.552,3,23.02
13.1,-249.553,-242.237,1,23.4
13.1,-244.831,-247.71,2,23.03
13.1,-248.962,-248.345,3,23.02
13.2,-249.457,-242.415,1,23.4
13.2,-245.044,-247.607,2,23.03
13.2,-248.669,-248.313,3,23.02
13.3,-249.575,-242.614,1,23.4
13.3,-245.011,-247.594,2,23.03
13.3,-248.375,-248.281,3,23.02
13.4,-249.692,-242.813,1,23.4
13.4,-244.766,-247.658,2,23.03
13.4,-248.082,-248.249,3,23.02
13.5,-249.81,-243.012,1,23.4
13.5,-244.52,-247.723,2,23.03
13.5,-248.232,-248.473,3,23.02
13.6,-249.927,-243.211,1,23.4
13.6,-244.275,-247.788,2,23.03
13.6,-248.404,-248.709,3,23.02
13.7,-250.205,-243.189,1,23.4
13.7,-243.986,-247.844,2,23.03
13.7,-248.575,-248.944,3,23.02
13.8,-250.485,-243.164,1,23.4
13.8,-243.668,-247.895,2,23.03
13.8,-248.718,-248.919,3,23.02
13.9,-250.765,-243.139,1,23.4
13.9,-243.349,-247.946,2,23.03
13.9,-248.837,-248.656,3,23.02
14.0,-250.994,-243.073,1,23.4
14.0,-243.219,-247.868,2,23.03
14.0,-248.955,-248.393,3,23.02
14.1,-251.155,-242.952,1,23.4
14.1,-243.282,-247.657,2,23.03
14.1,-249.062,-248.164,3,23.02
14.2,-251.316,-242.832,1,23.4
14.2,-243.345,-247.446,2,23.03
14.2,-248.985,-248.506,3,23.02
14.3,-251.477,-242.711,1,23.4
14.3,-243.408,-247.235,2,23.03
14.3,-248.907,-248.848,3,23.02
14.4,-251.639,-242.59,1,23.4
14.4,-243.47,-247.024,2,23.03
14.4,-248.828,-249.179,3,23.02
14.5,-251.763,-242.376,1,23.4
14.5,-243.523,-247.204,2,23.03
14.5,-248.74,-249.466,3,23.02
14.6,-251.845,-242.055,1,23.4
14.6,-243.575,-247.405,2,23.03
14.6,-248.653,-249.752,3,23.02
14.7,-251.926,-241.734,1,23.4
14.7,-243.627,-247.606,2,23.03
14.7,-248.565,-250.039,3,23.02
14.8,-251.906,-241.641,1,23.4
14.8,-243.68,-247.807,2,23.03
14.8,-248.301,-250.041,3,23.02
14.9,-251.759,-241.829,1,23.4
14.9,-243.692,-247.975,2,23.03
14.9,-248.01,-250.001,3,23.02
15.0,-251.612,-242.017,1,23.4
15.0,-243.451,-247.928,2,23.03
15.0,-247.719,-249.961,3,23.02
15.1,-251.466,-242.205,1,23.4
15.1,-243.209,-247.881,2,23.03
15.1,-247.614,-250.086,3,23.02
15.2,-251.424,-242.367,1,23.4
15.2,-242.968,-247.835,2,23.03
15.2,-247.724,-250.4,3,23.02
15.3,-251.69,-242.454,1,23.4
15.3,-242.727,-247.799,2,23.03
15.3,-247.834,-250.715,3,23.02
15.4,-251.956,-242.54,1,23.4
15.4,-242.504,-247.91,2,23.03
15.4,-247.841,-250.723,3,23.02
15.5,-252.222,-242.627,1,23.4
15.5,-242.281,-248.02,2,23.03
15.5,-247.729,-250.379,3,23.02
15.6,-252.54,-242.542,1,23.4
15.6,-242.057,-248.131,2,23.03
15.6,-247.618,-250.034,3,23.02
15.7,-252.881,-242.376,1,23.4
15.7,-241.843,-248.255,2,23.03
15.7,-247.475,-249.818,3,23.02
15.8,-253.217,-242.229,1,23.4
15.8,-241.773,-248.594,2,23.03
15.8,-247.319,-249.655,3,23.02
15.9,-253.447,-242.467,1,23.4
15.9,-241.702,-248.934,2,23.03
15.9,-247.164,-249.493,3,23.02
16.0,-253.677,-242.706,1,23.4
16.0,-241.696,-249.198,2,23.03
16.0,-247.008,-249.33,3,23.02
16.1,-253.899,-242.944,1,23.4
16.1,-241.993,-249.101,2,23.03
16.1,-246.971,-249.203,3,23.02
16.2,-253.828,-243.17,1,23.4
16.2,-242.291,-249.005,2,23.03
16.2,-247.271,-249.176,3,23.02
16.3,-253.757,-243.396,1,23.4
16.3,-242.588,-248.908,2,23.03
16.3,-247.571,-249.149,3,23.02
16.4,-253.686,-243.622,1,23.4
16.4,-242.914,-248.958,2,23.03
16.4,-247.871,-249.122,3,23.02
16.5,-253.614,-243.848,1,23.4
16.5,-243.241,-249.011,2,23.03
16.5,-248.101,-249.332,3,23.02
16.6,-253.429,-243.844,1,23.4
16.6,-243.568,-249.064,2,23.03
16.6,-248.327,-249.556,3,23.02
16.7,-253.217,-243.784,1,23.4
16.7,-243.325,-249.133,2,23.03
16.7,-248.553,-249.781,3,23.02
16.8,-253.004,-243.725,1,23.4
16.8,-243.055,-249.203,2,23.03
16.8,-248.385,-249.757,3,23.02
16.9,-252.791,-243.665,1,23.4
16.9,-242.785,-249.273,2,23.03
16.9,-248.119,-249.672,3,23.02
17.0,-252.724,-243.636,1,23.4
17.0,-242.672,-249.383,2,23.03
17.0,-247.853,-249.587,3,23.02
17.1,-253.035,-243.686,1,23.4
17.1,-242.828,-249.564,2,23.03
17.1,-247.648,-249.447,3,23.02
17.2,-253.346,-243.736,1,23.4
17.2,-242.985,-249.744,2,23.03
17.2,-247.66,-249.116,3,23.02
17.3,-253.652,-243.792,1,23.4
17.3,-243.141,-249.925,2,23.03
17.3,-247.671,-248.784,3,23.02
17.4,-253.914,-243.906,1,23.4
17.4,-243.26,-250.012,2,23.03
17.4,-247.67,-248.453,3,23.02
17.5,-254.177,-244.02,1,23.4
17.5,-243.208,-249.676,2,23.03
17.5,-247.624,-248.127,3,23.02
17.6,-254.44,-244.134,1,23.4
17.6,-243.157,-249.341,2,23.03
17.6,-247.578,-247.802,3,23.02
17.7,-254.37,-244.051,1,23.4
17.7,-243.181,-249.137,2,23.03
17.7,-247.551,-247.566,3,23.02
17.8,-254.087,-243.843,1,23.4
17.8,-243.452,-249.361,2,23.03
17.8,-247.619,-247.776,3,23.02
17.9,-253.804,-243.635,1,23.4
17.9,-243.723,-249.586,2,23.03
17.9,-247.688,-247.985,3,23.02
18.0,-253.656,-243.431,1,23.4
18.0,-243.794,-249.794,2,23.03
18.0,-247.756,-248.195,3,23.02
18.1,-253.551,-243.228,1,23.4
18.1,-243.556,-249.978,2,23.03
18.1,-247.824,-248.405,3,23.02
18.2,-253.445,-243.025,1,23.4
18.2,-243.317,-250.162,2,23.03
18.2,-247.897,-248.345,3,23.02
18.3,-253.339,-242.822,1,23.4
18.3,-243.079,-250.332,2,23.03
18.3,-247.973,-248.129,3,23.02
18.4,-253.409,-242.682,1,23.4
18.4,-242.854,-250.313,2,23.03
18.4,-248.049,-247.913,3,23.02
18.5,-253.752,-242.638,1,23.4
18.5,-242.63,-250.295,2,23.03
18.5,-248.125,-247.696,3,23.02
18.6,-254.094,-242.594,1,23.4
18.6,-242.405,-250.276,2,23.03
18.6,-248.131,-247.46,3,23.02
18.7,-254.359,-242.463,1,23.4
18.7,-242.18,-250.258,2,23.03
18.7,-247.949,-247.171,3,23.02
18.8,-254.544,-242.242,1,23.4
18.8,-242.106,-250.403,2,23.03
18.8,-247.767,-246.882,3,23.02
18.9,-254.729,-242.021,1,23.4
18.9,-242.118,-250.641,2,23.03
18.9,-247.612,-246.561,3,23.02
19.0,-254.907,-241.797,1,23.4
19.0,-242.129,-250.879,2,23.03
19.0,-247.509,-246.182,3,23.02
19.1,-254.798,-241.441,1,23.4
19.1,-242.14,-251.116,2,23.03
19.1,-247.406,-245.802,3,23.02
19.2,-254.689,-241.085,1,23.4
19.2,-242.233,-251.166,2,23.03
19.2,-247.562,-245.506,3,23.02
19.3,-254.666,-240.902,1,23.4
19.3,-242.43,-250.975,2,23.03
19.3,-247.782,-245.23,3,23.02
19.4,-254.81,-241.058,1,23.4
19.4,-242.627,-250.784,2,23.03
19.4,-248.002,-244.954,3,23.02
19.5,-254.955,-241.213,1,23.4
19.5,-242.823,-250.594,2,23.03
19.5,-248.106,-245.308,3,23.02
19.6,-255.099,-241.369,1,23.4
19.6,-242.955,-250.715,2,23.03
19.6,-248.207,-245.682,3,23.02
19.7,-255.244,-241.525,1,23.4
19.7,-243.071,-250.92,2,23.03
19.7,-248.229,-245.84,3,23.02
19.8,-255.513,-241.516,1,23.4
19.8,-243.186,-251.124,2,23.03
19.8,-248.126,-245.657,3,23.02
19.9,-255.856,-241.409,1,23.4
19.9,-243.301,-251.329,2,23.03
19.9,-248.024,-245.474,3,23.02
20.0,-256.2,-241.303,1,23.4
20.0,-243.464,-251.423,2,23.03
20.0,-247.922,-245.29,3,23.02
20.1,-256.497,-241.254,1,23.4
20.1,-243.67,-251.42,2,23.03
20.1,-247.82,-245.107,3,23.02
20.2,-256.786,-241.216,1,23.4
20.2,-243.876,-251.417,2,23.03
20.2,-247.837,-244.919,3,23.02
20.3,-257.075,-241.178,1,23.4
20.3,-244.082,-251.414,2,23.03
20.3,-247.925,-244.727,3,23.02
20.4,-257.391,-241.208,1,23.4
20.4,-244.288,-251.411,2,23.03
20.4,-248.014,-244.536,3,23.02
20.5,-257.743,-241.336,1,23.4
20.5,-244.366,-251.241,2,23.03
20.5,-248.103,-244.345,3,23.02
20.6,-258.095,-241.464,1,23.4
20.6,-244.382,-250.99,2,23.03
20.6,-248.191,-244.153,3,23.02
20.7,-258.026,-241.352,1,23.4
20.7,-244.399,-250.74,2,23.03
20.7,-247.938,-244.025,3,23.02
20.8,-257.814,-241.158,1,23.4
20.8,-244.415,-250.489,2,23.03
20.8,-247.637,-243.904,3,23.02
20.9,-257.603,-240.964,1,23.4
20.9,-244.249,-250.264,2,23.03
20.9,-247.337,-243.784,3,23.02
21.0,-257.388,-240.746,1,23.4
21.0,-244.002,-250.05,2,23.03
21.0,-246.967,-243.782,3,23.02
21.1,-257.162,-240.461,1,23.4
21.1,-243.755,-249.836,2,23.03
21.1,-246.577,-243.81,3,23.02
21.2,-256.937,-240.177,1,23.4
21.2,-243.692,-249.901,2,23.03
21.2,-246.248,-243.78,3,23.02
21.3,-256.704,-239.876,1,23.4
21.3,-243.736,-250.127,2,23.03
21.3,-246.122,-243.551,3,23.02
21.4,-256.463,-239.56,1,23.4
21.4,-243.78,-250.353,2,23.03
21.4,-245.997,-243.322,3,23.02
21.5,-256.221,-239.244,1,23.4
21.5,-243.825,-250.579,2,23.03
21.5,-245.871,-243.092,3,23.02
21.6,-255.907,-239.023,1,23.4
21.6,-243.953,-250.801,2,23.03
21.6,-245.774,-242.83,3,23.02
21.7,-255.592,-238.804,1,23.4
21.7,-244.288,-251.016,2,23.03
21.7,-245.718,-242.52,3,23.02
21.8,-255.258,-238.65,1,23.4
21.8,-244.624,-251.23,2,23.03
21.8,-245.662,-242.21,3,23.02
21.9,-254.894,-238.599,1,23.4
21.9,-244.624,-251.42,2,23.03
21.9,-245.689,-241.935,3,23.02
22.0,-254.53,-238.549,1,23.4
22.0,-244.528,-251.603,2,23.03
22.0,-245.995,-241.775,3,23.02
22.1,-254.53,-238.703,1,23.4
22.1,-244.432,-251.785,2,23.03
22.1,-246.301,-241.616,3,23.02
22.2,-254.711,-238.959,1,23.4
22.2,-244.336,-251.968,2,23.03
22.2,-246.395,-241.512,3,23.02
22.3,-254.892,-239.215,1,23.4
22.3,-244.24,-252.151,2,23.03
22.3,-246.06,-241.522,3,23.02
22.4,-254.937,-239.471,1,23.4
22.4,-244.066,-252.042,2,23.03
22.4,-245.725,-241.533,3,23.02
22.5,-254.834,-239.729,1,23.4
22.5,-243.887,-251.911,2,23.03
22.5,-245.56,-241.452,3,23.02
22.6,-254.732,-239.987,1,23.4
22.6,-243.707,-251.78,2,23.03
22.6,-245.717,-241.199,3,23.02
22.7,-254.629,-240.245,1,23.4
22.7,-243.527,-251.649,2,23.03
22.7,-245.874,-240.947,3,23.02
22.8,-254.755,-240.042,1,23.4
22.8,-243.449,-251.74,2,23.03
22.8,-246.03,-240.694,3,23.02
22.9,-254.913,-239.773,1,23.4
22.9,-243.503,-252.12,2,23.03
22.9,-245.714,-240.526,3,23.02
23.0,-255.072,-239.504,1,23.4
23.0,-243.557,-252.5,2,23.03
23.0,-245.389,-240.358,3,23.02
23.1,-255.022,-239.525,1,23.4
23.1,-243.279,-252.505,2,23.03
23.1,-245.198,-240.188,3,23.02
23.2,-254.872,-239.687,1,23.4
23.2,-242.931,-252.432,2,23.03
23.2,-245.421,-240.009,3,23.02
23.3,-254.722,-239.849,1,23.4
23.3,-242.587,-252.364,2,23.03
23.3,-245.644,-239.83,3,23.02
23.4,-254.572,-240.011,1,23.4
23.4,-242.526,-252.665,2,23.03
23.4,-245.867,-239.651,3,23.02
23.5,-254.449,-240.097,1,23.4
23.5,-242.465,-252.965,2,23.03
23.5,-245.984,-239.389,3,23.02
23.6,-254.486,-239.74,1,23.4
23.6,-242.404,-253.266,2,23.03
23.6,-246.066,-239.097,3,23.02
23.7,-254.523,-239.383,1,23.4
23.7,-242.559,-253.322,2,23.03
23.7,-246.148,-238.806,3,23.02
23.8,-254.459,-239.072,1,23.4
23.8,-242.786,-253.297,2,23.03
23.8,-246.134,-238.801,3,23.02
23.9,-254.215,-238.844,1,23.4
23.9,-243.013,-253.273,2,23.03
23.9,-245.998,-239.158,3,23.02
24.0,-253.971,-238.616,1,23.4
24.0,-243.24,-253.248,2,23.03
24.0,-245.862,-239.515,3,23.02
24.1,-253.795,-238.549,1,23.4
24.1,-243.471,-253.114,2,23.03
24.1,-245.595,-239.772,3,23.02
24.2,-253.737,-238.76,1,23.4
24.2,-243.709,-252.794,2,23.03
24.2,-245.301,-240.007,3,23.02
24.3,-253.68,-238.971,1,23.4
24.3,-243.947,-252.473,2,23.03
24.3,-245.002,-240.229,3,23.02
24.4,-253.622,-239.183,1,23.4
24.4,-244.216,-252.311,2,23.03
24.4,-244.686,-240.389,3,23.02
24.5,-253.564,-239.394,1,23.4
24.5,-244.489,-252.173,2,23.03
24.5,-244.369,-240.548,3,23.02
24.6,-253.556,-239.187,1,23.4
24.6,-244.761,-252.035,2,23.03
24.6,-244.107,-240.575,3,23.02
24.7,-253.56,-238.877,1,23.4
24.7,-244.744,-251.799,2,23.03
24.7,-243.944,-240.356,3,23.02
24.8,-253.563,-238.566,1,23.4
24.8,-244.529,-251.494,2,23.03
24.8,-243.781,-240.137,3,23.02
24.9,-253.395,-238.447,1,23.4
24.9,-244.314,-251.19,2,23.03
24.9,-243.618,-239.919,3,23.02
25.0,-253.102,-238.465,1,23.4
25.0,-244.08,-250.972,2,23.03
25.0,-243.509,-239.599,3,23.02
25.1,-252.809,-238.483,1,23.4
25.1,-243.844,-250.763,2,23.03
25.1,-243.425,-239.233,3,23.02
25.2,-252.557,-238.451,1,23.4
25.2,-243.609,-250.554,2,23.03
25.2,-243.341,-238.882,3,23.02
25.3,-252.502,-238.177,1,23.4
25.3,-243.701,-250.747,2,23.03
25.3,-243.288,-239.156,3,23.02
25.4,-252.447,-237.902,1,23.4
25.4,-243.91,-251.082,2,23.03
25.4,-243.236,-239.43,3,23.02
25.5,-252.392,-237.628,1,23.4
25.5,-244.024,-251.347,2,23.03
25.5,-243.183,-239.704,3,23.02
25.6,-252.518,-237.678,1,23.4
25.6,-243.776,-251.342,2,23.03
25.6,-243.067,-239.92,3,23.02
25.7,-252.766,-237.948,1,23.4
25.7,-243.528,-251.336,2,23.03
25.7,-242.867,-240.062,3,23.02
25.8,-253.014,-238.218,1,23.4
25.8,-243.279,-251.331,2,23.03
25.8,-242.667,-240.204,3,23.02
25.9,-253.382,-238.337,1,23.4
25.9,-243.041,-251.354,2,23.03
25.9,-242.468,-240.346,3,23.02
26.0,-253.768,-238.434,1,23.4
26.0,-242.844,-251.509,2,23.03
26.0,-242.447,-240.505,3,23.02
26.1,-254.114,-238.551,1,23.4
26.1,-242.648,-251.663,2,23.03
26.1,-242.746,-240.694,3,23.02
26.2,-254.387,-238.703,1,23.4
26.2,-242.451,-251.818,2,23.03
26.2,-243.046,-240.883,3,23.02
26.3,-254.661,-238.856,1,23.4
26.3,-242.239,-251.938,2,23.03
26.3,-243.05,-241.044,3,23.02
26.4,-254.93,-239.015,1,23.4
26.4,-241.949,-251.901,2,23.03
26.4,-242.796,-241.181,3,23.02
26.5,-255.175,-239.209,1,23.4
26.5,-241.659,-251.863,2,23.03
26.5,-242.543,-241.317,3,23.02
26.6,-255.42,-239.402,1,23.4
26.6,-241.369,-251.825,2,23.03
26.6,-242.285,-241.431,3,23.02
26.7,-255.665,-239.596,1,23.4
26.7,-241.069,-251.739,2,23.03
26.7,-241.968,-241.217,3,23.02
26.8,-255.838,-239.383,1,23.4
26.8,-240.765,-251.638,2,23.03
26.8,-241.65,-241.002,3,23.02
26.9,-256.009,-239.154,1,23.4
26.9,-240.46,-251.536,2,23.03
26.9,-241.62,-240.935,3,23.02
27.0,-256.179,-238.924,1,23.4
27.0,-240.372,-251.639,2,23.03
27.0,-241.935,-241.046,3,23.02
27.1,-256.224,-238.882,1,23.4
27.1,-240.407,-251.859,2,23.03
27.1,-242.251,-241.158,3,23.02
27.2,-256.124,-239.058,1,23.4
27.2,-240.442,-252.079,2,23.03
27.2,-242.531,-241.279,3,23.02
27.3,-256.023,-239.234,1,23.4
27.3,-240.477,-252.299,2,23.03
27.3,-242.772,-241.411,3,23.02
27.4,-255.923,-239.41,1,23.4
27.4,-240.483,-252.436,2,23.03
27.4,-243.012,-241.543,3,23.02
27.5,-255.823,-239.586,1,23.4
27.5,-240.324,-252.103,2,23.03
27.5,-243.252,-241.676,3,23.02
27.6,-255.658,-239.566,1,23.4
27.6,-240.166,-251.77,2,23.03
27.6,-243.223,-241.471,3,23.02
27.7,-255.437,-239.371,1,23.4
27.7,-240.135,-251.723,2,23.03
27.7,-243.135,-241.192,3,23.02
27.8,-255.215,-239.175,1,23.4
27.8,-240.267,-252.039,2,23.03
27.8,-243.046,-240.913,3,23.02
27.9,-255.049,-238.982,1,23.4
27.9,-240.399,-252.355,2,23.03
27.9,-242.867,-240.708,3,23.02
28.0,-255.214,-238.803,1,23.4
28.0,-240.293,-252.396,2,23.03
28.0,-242.551,-240.612,3,23.02
28.1,-255.379,-238.624,1,23.4
28.1,-239.968,-252.185,2,23.03
28.1,-242.236,-240.516,3,23.02
28.2,-255.544,-238.445,1,23.4
28.2,-239.643,-251.973,2,23.03
28.2,-242.165,-240.416,3,23.02
28.3,-255.714,-238.274,1,23.4
28.3,-239.404,-252.122,2,23.03
28.3,-242.514,-240.307,3,23.02
28.4,-256.047,-238.326,1,23.4
28.4,-239.17,-252.293,2,23.03
28.4,-242.862,-240.198,3,23.02
28.5,-256.38,-238.378,1,23.4
28.5,-238.936,-252.464,2,23.03
28.5,-242.851,-240.022,3,23.02
28.6,-256.683,-238.405,1,23.4
28.6,-238.67,-252.595,2,23.03
28.6,-242.628,-239.806,3,23.02
28.7,-256.567,-238.072,1,23.4
28.7,-238.371,-252.685,2,23.03
28.7,-242.404,-239.59,3,23.02
28.8,-256.451,-237.74,1,23.4
28.8,-238.073,-252.774,2,23.03
28.8,-242.311,-239.311,3,23.02
28.9,-256.359,-237.548,1,23.4
28.9,-237.94,-252.821,2,23.03
28.9,-242.405,-238.944,3,23.02
29.0,-256.351,-237.836,1,23.4
29.0,-238.223,-252.761,2,23.03
29.0,-242.498,-238.577,3,23.02
29.1,-256.343,-238.124,1,23.4
29.1,-238.507,-252.7,2,23.03
29.1,-242.749,-238.397,3,23.02
29.2,-256.335,-238.412,1,23.4
29.2,-238.791,-252.64,2,23.03
29.2,-243.048,-238.271,3,23.02
29.3,-256.206,-238.398,1,23.4
29.3,-238.789,-252.35,2,23.03
29.3,-243.346,-238.146,3,23.02
29.4,-256.038,-238.287,1,23.4
29.4,-238.731,-252.016,2,23.03
29.4,-243.619,-238.016,3,23.02
29.5,-255.871,-238.176,1,23.4
29.5,-238.673,-251.681,2,23.03
29.5,-243.879,-237.884,3,23.02
29.6,-255.703,-238.065,1,23.4
29.6,-238.967,-251.665,2,23.03
29.6,-244.14,-237.751,3,23.02
29.7,-255.535,-237.953,1,23.4
29.7,-239.305,-251.687,2,23.03
29.7,-244.357,-237.57,3,23.02
29.8,-255.197,-237.894,1,23.4
29.8,-239.642,-251.709,2,23.03
29.8,-244.452,-237.251,3,23.02
29.9,-254.812,-237.848,1,23.4
29.9,-239.82,-251.54,2,23.03
29.9,-244.546,-236.932,3,23.02
30.0,-254.436,-237.79,1,23.4
30.0,-239.988,-251.356,2,23.03
30.0,-244.665,-236.739,3,23.02
30.1,-254.096,-237.682,1,23.4
30.1,-240.155,-251.173,2,23.03
30.1,-244.857,-236.916,3,23.02
30.2,-253.756,-237.575,1,23.4
30.2,-240.322,-250.99,2,23.03
30.2,-245.048,-237.093,3,23.02
30.3,-253.573,-237.607,1,23.4
30.3,-240.207,-251.283,2,23.03
30.3,-245.239,-237.27,3,23.02
30.4,-253.622,-237.846,1,23.4
30.4,-240.062,-251.629,2,23.03
30.4,-245.338,-237.47,3,23.02
30.5,-253.672,-238.086,1,23.4
30.5,-239.964,-251.825,2,23.03
30.5,-245.306,-237.703,3,23.02
30.6,-253.722,-238.326,1,23.4
30.6,-240.019,-251.528,2,23.03
30.6,-245.275,-237.936,3,23.02
30.7,-253.649,-238.531,1,23.4
30.7,-240.074,-251.231,2,23.03
30.7,-245.243,-238.168,3,23.02
30.8,-253.309,-238.66,1,23.4
30.8,-240.129,-250.933,2,23.03
30.8,-245.218,-238.312,3,23.02
30.9,-252.97,-238.79,1,23.4
30.9,-240.293,-251.068,2,23.03
30.9,-245.227,-237.992,3,23.02
31.0,-252.795,-239.045,1,23.4
31.0,-240.465,-251.238,2,23.03
31.0,-245.236,-237.671,3,23.02
31.1,-252.746,-239.395,1,23.4
31.1,-240.638,-251.408,2,23.03
31.1,-245.259,-237.367,3,23.02
31.2,-252.698,-239.746,1,23.4
31.2,-240.811,-251.579,2,23.03
31.2,-245.589,-237.437,3,23.02
31.3,-252.806,-239.704,1,23.4
31.3,-240.531,-251.641,2,23.03
31.3,-245.919,-237.507,3,23.02
31.4,-252.971,-239.524,1,23.4
31.4,-240.139,-251.677,2,23.03
31.4,-246.215,-237.553,3,23.02
31.5,-253.135,-239.344,1,23.4
31.5,-239.912,-251.73,2,23.03
31.5,-246.118,-237.336,3,23.02
31.6,-253.299,-239.164,1,23.4
31.6,-240.153,-251.831,2,23.03
31.6,-246.021,-237.119,3,23.02
31.7,-253.573,-239.025,1,23.4
31.7,-240.394,-251.933,2,23.03
31.7,-245.924,-236.901,3,23.02
31.8,-253.909,-238.908,1,23.4
31.8,-240.635,-252.034,2,23.03
31.8,-245.827,-236.684,3,23.02
31.9,-254.245,-238.792,1,23.4
31.9,-240.693,-252.176,2,23.03
31.9,-245.691,-236.502,3,23.02
32.0,-254.186,-239.044,1,23.4
32.0,-240.512,-252.372,2,23.03
32.0,-245.549,-236.325,3,23.02
32.1,-254.043,-239.375,1,23.4
32.1,-240.331,-252.567,2,23.03
32.1,-245.406,-236.147,3,23.02
32.2,-253.922,-239.682,1,23.4
32.2,-240.151,-252.763,2,23.03
32.2,-245.264,-235.97,3,23.02
32.3,-254.222,-239.525,1,23.4
32.3,-240.29,-252.727,2,23.03
32.3,-245.287,-235.914,3,23.02
32.4,-254.522,-239.369,1,23.4
32.4,-240.581,-252.582,2,23.03
32.4,-245.49,-235.991,3,23.02
32.5,-254.818,-239.224,1,23.4
32.5,-240.872,-252.437,2,23.03
32.5,-245.693,-236.068,3,23.02
32.6,-255.075,-239.198,1,23.4
32.6,-241.16,-252.248,2,23.03
32.6,-245.896,-236.145,3,23.02
32.7,-255.331,-239.171,1,23.4
32.7,-241.444,-252.029,2,23.03
32.7,-246.099,-236.223,3,23.02
32.8,-255.588,-239.144,1,23.4
32.8,-241.728,-251.811,2,23.03
32.8,-246.007,-236.024,3,23.02
32.9,-255.738,-239.168,1,23.4
32.9,-242.027,-251.69,2,23.03
32.9,-245.872,-235.786,3,23.02
33.0,-255.505,-239.374,1,23.4
33.0,-242.329,-251.59,2,23.03
33.0,-245.737,-235.548,3,23.02
33.1,-255.272,-239.58,1,23.4
33.1,-242.631,-251.49,2,23.03
33.1,-245.691,-235.395,3,23.02
33.2,-255.04,-239.785,1,23.4
33.2,-242.651,-251.711,2,23.03
33.2,-245.961,-235.541,3,23.02
33.3,-255.319,-239.529,1,23.4
33.3,-242.533,-252.089,2,23.03
33.3,-246.231,-235.686,3,23.02
33.4,-255.598,-239.274,1,23.4
33.4,-242.409,-252.44,2,23.03
33.4,-246.5,-235.832,3,23.02
33.5,-255.843,-239.144,1,23.4
33.5,-242.251,-252.634,2,23.03
33.5,-246.837,-235.738,3,23.02
33.6,-256.026,-239.238,1,23.4
33.6,-242.094,-252.827,2,23.03
33.6,-247.177,-235.634,3,23.02
33.7,-256.21,-239.333,1,23.4
33.7,-241.936,-253.021,2,23.03
33.7,-247.512,-235.547,3,23.02
33.8,-256.393,-239.427,1,23.4
33.8,-241.841,-253.217,2,23.03
33.8,-247.818,-235.554,3,23.02
33.9,-256.576,-239.521,1,23.4
33.9,-242.126,-253.427,2,23.03
33.9,-248.124,-235.561,3,23.02
34.0,-256.838,-239.491,1,23.4
34.0,-242.411,-253.637,2,23.03
34.0,-248.43,-235.568,3,23.02
34.1,-257.173,-239.341,1,23.4
34.1,-242.524,-253.79,2,23.03
34.1,-248.607,-235.384,3,23.02
34.2,-257.509,-239.19,1,23.4
34.2,-242.267,-253.819,2,23.03
34.2,-248.766,-235.173,3,23.02
34.3,-257.693,-239.041,1,23.4
34.3,-242.01,-253.849,2,23.03
34.3,-248.925,-234.963,3,23.02
34.4,-257.836,-238.893,1,23.4
34.4,-241.753,-253.879,2,23.03
34.4,-249.047,-234.79,3,23.02
34.5,-257.98,-238.744,1,23.4
34.5,-241.643,-253.781,2,23.03
34.5,-248.779,-235.013,3,23.02
34.6,-258.124,-238.595,1,23.4
34.6,-241.712,-253.527,2,23.03
34.6,-248.511,-235.236,3,23.02
34.7,-258.267,-238.446,1,23.4
34.7,-241.78,-253.274,2,23.03
34.7,-248.367,-235.437,3,23.02
34.8,-258.195,-238.663,1,23.4
34.8,-241.849,-253.02,2,23.03
34.8,-248.666,-235.558,3,23.02
34.9,-258.113,-238.896,1,23.4
34.9,-241.668,-252.931,2,23.03
34.9,-248.966,-235.679,3,23.02
35.0,-258.032,-239.129,1,23.4
35.0,-241.35,-252.932,2,23.03
35.0,-249.204,-235.759,3,23.02
35.1,-257.95,-239.362,1,23.4
35.1,-241.032,-252.934,2,23.03
35.1,-248.999,-235.541,3,23.02
35.2,-257.847,-239.163,1,23.4
35.2,-240.954,-252.829,2,23.03
35.2,-248.795,-235.323,3,23.02
35.3,-257.741,-238.919,1,23.4
35.3,-241.115,-252.617,2,23.03
35.3,-248.59,-235.105,3,23.02
35.4,-257.636,-238.676,1,23.4
35.4,-241.277,-252.406,2,23.03
35.4,-248.408,-235.192,3,23.02
35.5,-257.548,-238.43,1,23.4
35.5,-241.439,-252.194,2,23.03
35.5,-248.233,-235.368,3,23.02
35.6,-257.57,-238.172,1,23.4
35.6,-241.281,-252.203,2,23.03
35.6,-248.058,-235.544,3,23.02
35.7,-257.592,-237.913,1,23.4
35.7,-241.014,-252.287,2,23.03
35.7,-247.883,-235.719,3,23.02
35.8,-257.614,-237.655,1,23.4
35.8,-240.746,-252.371,2,23.03
35.8,-247.732,-235.968,3,23.02
35.9,-257.556,-237.522,1,23.4
35.9,-240.531,-252.395,2,23.03
35.9,-247.59,-236.241,3,23.02
36.0,-257.293,-237.71,1,23.4
36.0,-240.559,-252.145,2,23.03
36.0,-247.448,-236.514,3,23.02
36.1,-257.03,-237.897,1,23.4
36.1,-240.587,-251.894,2,23.03
36.1,-247.224,-236.638,3,23.02
36.2,-256.781,-238.039,1,23.4
36.2,-240.614,-251.643,2,23.03
36.2,-246.918,-236.612,3,23.02
36.3,-256.591,-237.976,1,23.4
36.3,-240.625,-251.391,2,23.03
36.3,-246.613,-236.586,3,23.02
36.4,-256.401,-237.913,1,23.4
36.4,-240.572,-251.136,2,23.03
36.4,-246.34,-236.597,3,23.02
36.5,-256.211,-237.85,1,23.4
36.5,-240.519,-250.88,2,23.03
36.5,-246.173,-236.728,3,23.02
36.6,-256.021,-237.787,1,23.4
36.6,-240.467,-250.624,2,23.03
36.6,-246.007,-236.858,3,23.02
36.7,-255.795,-237.718,1,23.4
36.7,-240.365,-250.508,2,23.03
36.7,-245.841,-236.988,3,23.02
36.8,-255.413,-237.623,1,23.4
36.8,-240.184,-250.615,2,23.03
36.8,-245.674,-237.118,3,23.02
36.9,-255.032,-237.528,1,23.4
36.9,-240.004,-250.722,2,23.03
36.9,-245.473,-237.317,3,23.02
37.0,-254.998,-237.365,1,23.4
37.0,-239.824,-250.829,2,23.03
37.0,-245.237,-237.584,3,23.02
37.1,-255.157,-237.164,1,23.4
37.1,-239.643,-250.937,2,23.03
37.1,-245.002,-237.85,3,23.02
37.2,-255.315,-236.962,1,23.4
37.2,-239.701,-250.837,2,23.03
37.2,-245.031,-238.038,3,23.02
37.3,-255.474,-236.761,1,23.4
37.3,-239.904,-250.61,2,23.03
37.3,-245.178,-238.192,3,23.02
37.4,-255.809,-236.743,1,23.4
37.4,-240.108,-250.384,2,23.03
37.4,-245.324,-238.345,3,23.02
37.5,-256.206,-236.788,1,23.4
37.5,-240.208,-250.319,2,23.03
37.5,-245.47,-238.499,3,23.02
37.6,-256.451,-236.769,1,23.4
37.6,-240.105,-250.574,2,23.03
37.6,-245.616,-238.652,3,23.02
37.7,-256.207,-236.543,1,23.4
37.7,-240.001,-250.83,2,23.03
37.7,-245.857,-238.933,3,23.02
37.8,-255.963,-236.318,1,23.4
37.8,-239.898,-251.085,2,23.03
37.8,-246.1,-239.217,3,23.02
37.9,-255.723,-236.19,1,23.4
37.9,-239.607,-251.076,2,23.03
37.9,-246.208,-239.456,3,23.02
38.0,-255.495,-236.398,1,23.4
38.0,-239.238,-250.958,2,23.03
38.0,-245.999,-239.59,3,23.02
38.1,-255.266,-236.605,1,23.4
38.1,-238.915,-250.895,2,23.03
38.1,-245.79,-239.725,3,23.02
38.2,-255.038,-236.813,1,23.4
38.2,-238.907,-251.223,2,23.03
38.2,-245.581,-239.86,3,23.02
38.3,-254.998,-237.164,1,23.4
38.3,-238.9,-251.551,2,23.03
38.3,-245.442,-239.901,3,23.02
38.4,-254.96,-237.517,1,23.4
38.4,-238.922,-251.843,2,23.03
38.4,-245.485,-239.697,3,23.02
38.5,-254.896,-237.78,1,23.4
38.5,-239.301,-251.717,2,23.03
38.5,-245.528,-239.492,3,23.02
38.6,-254.703,-237.603,1,23.4
38.6,-239.679,-251.591,2,23.03
38.6,-245.571,-239.288,3,23.02
38.7,-254.51,-237.425,1,23.4
38.7,-239.638,-251.608,2,23.03
38.7,-245.614,-239.083,3,23.02
38.8,-254.317,-237.248,1,23.4
38.8,-239.281,-251.733,2,23.03
38.8,-245.772,-238.862,3,23.02
38.9,-254.18,-237.247,1,23.4
38.9,-238.925,-251.858,2,23.03
38.9,-246.051,-238.623,3,23.02
39.0,-254.142,-237.569,1,23.4
39.0,-239.042,-252.197,2,23.03
39.0,-246.329,-238.385,3,23.02
39.1,-254.105,-237.891,1,23.4
39.1,-239.199,-252.555,2,23.03
39.1,-246.601,-238.366,3,23.02
39.2,-254.11,-238.173,1,23.4
39.2,-239.255,-252.867,2,23.03
39.2,-246.872,-238.415,3,23.02
39.3,-254.231,-238.346,1,23.4
39.3,-239.133,-253.1,2,23.03
39.3,-247.142,-238.465,3,23.02
39.4,-254.352,-238.519,1,23.4
39.4,-239.01,-253.333,2,23.03
39.4,-247.345,-238.507,3,23.02
39.5,-254.472,-238.692,1,23.4
39.5,-238.888,-253.566,2,23.03
39.5,-247.065,-238.502,3,23.02
39.6,-254.593,-238.865,1,23.4
39.6,-238.899,-253.494,2,23.03
39.6,-246.785,-238.496,3,23.02
39.7,-254.703,-239.048,1,23.4
39.7,-239.016,-253.183,2,23.03
39.7,-246.505,-238.491,3,23.02
39.8,-254.803,-239.24,1,23.4
39.8,-239.132,-252.873,2,23.03
39.8,-246.548,-238.628,3,23.02
39.9,-254.903,-239.433,1,23.4
39.9,-239.25,-252.624,2,23.03
39.9,-246.854,-238.882,3,23.02
40.0,-255.003,-239.625,1,23.4
40.0,-239.368,-252.428,2,23.03
40.0,-247.145,-239.119,3,23.02
40.1,-255.103,-239.818,1,23.4
40.1,-239.487,-252.231,2,23.03
40.1,-247.037,-238.894,3,23.02
40.2,-254.887,-239.829,1,23.4
40.2,-239.606,-252.035,2,23.03
40.2,-246.929,-238.669,3,23.02
40.3,-254.641,-239.823,1,23.4
40.3,-239.672,-251.932,2,23.03
40.3,-246.82,-238.444,3,23.02
40.4,-254.396,-239.817,1,23.4
40.4,-239.516,-252.224,2,23.03
40.4,-246.713,-238.236,3,23.02
40.5,-254.15,-239.811,1,23.4
40.5,-239.359,-252.517,2,23.03
40.5,-246.626,-238.586,3,23.02
40.6,-254.251,-239.589,1,23.4
40.6,-239.241,-252.701,2,23.03
40.6,-246.54,-238.935,3,23.02
40.7,-254.416,-239.326,1,23.4
40.7,-239.3,-252.385,2,23.03
40.7,-246.521,-239.128,3,23.02
40.8,-254.582,-239.063,1,23.4
40.8,-239.36,-252.069,2,23.03
40.8,-246.701,-238.861,3,23.02
40.9,-254.576,-239.085,1,23.4
40.9,-239.433,-251.78,2,23.03
40.9,-246.882,-238.594,3,23.02
41.0,-254.465,-239.281,1,23.4
41.0,-239.696,-251.849,2,23.03
41.0,-246.995,-238.408,3,23.02
41.1,-254.355,-239.476,1,23.4
41.1,-239.959,-251.918,2,23.03
41.1,-246.731,-238.672,3,23.02
41.2,-254.245,-239.671,1,23.4
41.2,-240.221,-251.988,2,23.03
41.2,-246.467,-238.935,3,23.02
41.3,-254.125,-239.803,1,23.4
41.3,-240.433,-251.89,2,23.03
41.3,-246.203,-239.063,3,23.02
41.4,-253.956,-239.606,1,23.4
41.4,-240.566,-251.531,2,23.03
41.4,-245.94,-239.038,3,23.02
41.5,-253.788,-239.408,1,23.4
41.5,-240.699,-251.173,2,23.03
41.5,-245.677,-239.014,3,23.02
41.6,-253.619,-239.211,1,23.4
41.6,-240.46,-251.238,2,23.03
41.6,-245.414,-238.989,3,23.02
41.7,-253.545,-238.97,1,23.4
41.7,-240.113,-251.426,2,23.03
41.7,-245.14,-239.044,3,23.02
41.8,-253.685,-238.63,1,23.4
41.8,-239.763,-251.595,2,23.03
41.8,-244.86,-239.134,3,23.02
41.9,-253.826,-238.29,1,23.4
41.9,-239.407,-251.705,2,23.03
41.9,-244.58,-239.225,3,23.02
42.0,-253.727,-238.233,1,23.4
42.0,-239.051,-251.814,2,23.03
42.0,-244.352,-239.371,3,23.02
42.1,-253.461,-238.375,1,23.4
42.1,-238.766,-252.039,2,23.03
42.1,-244.254,-239.653,3,23.02
42.2,-253.194,-238.517,1,23.4
42.2,-238.536,-252.356,2,23.03
42.2,-244.155,-239.935,3,23.02
42.3,-253.02,-238.565,1,23.4
42.3,-238.307,-252.672,2,23.03
42.3,-244.057,-240.217,3,23.02
42.4,-253.091,-238.363,1,23.4
42.4,-238.385,-252.401,2,23.03
42.4,-244.328,-240.049,3,23.02
42.5,-253.161,-238.162,1,23.4
42.5,-238.464,-252.13,2,23.03
42.5,-244.622,-239.852,3,23.02
42.6,-253.231,-237.96,1,23.4
42.6,-238.543,-251.858,2,23.03
42.6,-244.903,-239.656,3,23.02
42.7,-253.301,-237.758,1,23.4
42.7,-238.507,-251.639,2,23.03
42.7,-245.079,-239.476,3,23.02
42.8,-253.25,-237.78,1,23.4
42.8,-238.337,-251.482,2,23.03
42.8,-245.255,-239.295,3,23.02
42.9,-253.114,-237.957,1,23.4
42.9,-238.168,-251.324,2,23.03
42.9,-245.431,-239.114,3,23.02
43.0,-252.978,-238.133,1,23.4
43.0,-237.998,-251.167,2,23.03
43.0,-245.602,-238.931,3,23.02
43.1,-252.842,-238.309,1,23.4
43.1,-237.828,-251.082,2,23.03
43.1,-245.746,-238.732,3,23.02
43.2,-252.684,-238.478,1,23.4
43.2,-237.655,-251.438,2,23.03
43.2,-245.89,-238.534,3,23.02
43.3,-252.322,-238.583,1,23.4
43.3,-237.482,-251.795,2,23.03
43.3,-246.034,-238.335,3,23.02
43.4,-251.961,-238.688,1,23.4
43.4,-237.531,-251.769,2,23.03
43.4,-246.149,-238.145,3,23.02
43.5,-251.682,-238.806,1,23.4
43.5,-237.718,-251.507,2,23.03
43.5,-245.907,-238.049,3,23.02
43.6,-251.507,-238.939,1,23.4
43.6,-237.906,-251.245,2,23.03
43.6,-245.666,-237.952,3,23.02
43.7,-251.332,-239.073,1,23.4
43.7,-238.072,-251.285,2,23.03
43.7,-245.424,-237.856,3,23.02
43.8,-251.158,-239.207,1,23.4
43.8,-238.219,-251.611,2,23.03
43.8,-245.263,-237.738,3,23.02
43.9,-250.983,-239.34,1,23.4
43.9,-238.366,-251.938,2,23.03
43.9,-245.371,-237.548,3,23.02
44.0,-250.704,-239.593,1,23.4
44.0,-238.59,-251.864,2,23.03
44.0,-245.479,-237.357,3,23.02
44.1,-250.413,-239.859,1,23.4
44.1,-238.844,-251.636,2,23.03
44.1,-245.587,-237.167,3,23.02
44.2,-250.289,-239.985,1,23.4
44.2,-239.097,-251.408,2,23.03
44.2,-245.694,-236.977,3,23.02
44.3,-250.462,-239.863,1,23.4
44.3,-239.276,-251.59,2,23.03
44.3,-245.85,-236.791,3,23.02
44.4,-250.634,-239.741,1,23.4
44.4,-239.434,-251.881,2,23.03
44.4,-246.03,-236.607,3,23.02
44.5,-250.807,-239.619,1,23.4
44.5,-239.593,-252.172,2,23.03
44.5,-246.21,-236.423,3,23.02
44.6,-250.979,-239.497,1,23.4
44.6,-239.661,-252.474,2,23.03
44.6,-246.39,-236.239,3,23.02
44.7,-250.918,-239.427,1,23.4
44.7,-239.703,-252.78,2,23.03
44.7,-246.206,-236.094,3,23.02
44.8,-250.716,-239.389,1,23.4
44.8,-239.745,-253.085,2,23.03
44.8,-245.913,-235.961,3,23.02
44.9,-250.515,-239.35,1,23.4
44.9,-239.775,-253.342,2,23.03
44.9,-245.621,-235.827,3,23.02
45.0,-250.313,-239.311,1,23.4
45.0,-239.794,-253.557,2,23.03
45.0,-245.615,-235.622,3,23.02
45.1,-250.112,-239.272,1,23.4
45.1,-239.813,-253.772,2,23.03
45.1,-245.757,-235.378,3,23.02
45.2,-249.894,-239.386,1,23.4
45.2,-239.832,-253.987,2,23.03
45.2,-245.9,-235.135,3,23.02
45.3,-249.67,-239.55,1,23.4
45.3,-239.851,-254.201,2,23.03
45.3,-246.003,-234.95,3,23.02
45.4,-249.446,-239.714,1,23.4
45.4,-239.89,-254.492,2,23.03
45.4,-245.797,-235.232,3,23.02
45.5,-249.232,-239.808,1,23.4
45.5,-239.93,-254.791,2,23.03
45.5,-245.591,-235.514,3,23.02
45.6,-249.069,-239.499,1,23.4
45.6,-239.971,-255.091,2,23.03
45.6,-245.506,-235.793,3,23.02
45.7,-248.905,-239.189,1,23.4
45.7,-239.871,-255.15,2,23.03
45.7,-245.785,-236.063,3,23.02
45.8,-248.69,-239.006,1,23.4
45.8,-239.671,-255.038,2,23.03
45.8,-246.065,-236.334,3,23.02
45.9,-248.347,-239.133,1,23.4
45.9,-239.471,-254.925,2,23.03
45.9,-246.022,-236.339,3,23.02
46.0,-248.005,-239.26,1,23.4
46.0,-239.271,-254.812,2,23.03
46.0,-245.826,-236.218,3,23.02
46.1,-247.968,-239.473,1,23.4
46.1,-239.168,-254.68,2,23.03
46.1,-245.629,-236.097,3,23.02
46.2,-248.177,-239.755,1,23.4
46.2,-239.395,-254.484,2,23.03
46.2,-245.432,-235.976,3,23.02
46.3,-248.387,-240.037,1,23.4
46.3,-239.623,-254.288,2,23.03
46.3,-245.336,-235.831,3,23.02
46.4,-248.53,-239.917,1,23.4
46.4,-239.85,-254.092,2,23.03
46.4,-245.428,-235.638,3,23.02
46.5,-248.646,-239.631,1,23.4
46.5,-240.123,-254.134,2,23.03
46.5,-245.521,-235.446,3,23.02
46.6,-248.763,-239.345,1,23.4
46.6,-240.402,-254.205,2,23.03
46.6,-245.614,-235.253,3,23.02
46.7,-248.806,-239.375,1,23.4
46.7,-240.681,-254.276,2,23.03
46.7,-245.706,-235.061,3,23.02
46.8,-248.767,-239.762,1,23.4
46.8,-240.866,-254.174,2,23.03
46.8,-245.585,-234.916,3,23.02
46.9,-248.729,-240.15,1,23.4
46.9,-240.92,-253.834,2,23.03
46.9,-245.356,-234.795,3,23.02
47.0,-248.544,-240.476,1,23.4
47.0,-240.974,-253.494,2,23.03
47.0,-245.127,-234.674,3,23.02
47.1,-248.343,-240.796,1,23.4
47.1,-240.858,-253.243,2,23.03
47.1,-244.898,-234.553,3,23.02
47.2,-248.209,-240.952,1,23.4
47.2,-240.583,-253.077,2,23.03
47.2,-244.661,-234.591,3,23.02
47.3,-248.271,-240.624,1,23.4
47.3,-240.308,-252.911,2,23.03
47.3,-244.422,-234.666,3,23.02
47.4,-248.333,-240.296,1,23.4
47.4,-240.271,-252.745,2,23.03
47.4,-244.184,-234.742,3,23.02
47.5,-248.469,-240.013,1,23.4
47.5,-240.588,-252.578,2,23.03
47.5,-243.946,-234.818,3,23.02
47.6,-248.818,-239.863,1,23.4
47.6,-240.904,-252.412,2,23.03
47.6,-243.953,-234.994,3,23.02
47.7,-249.166,-239.713,1,23.4
47.7,-241.165,-252.387,2,23.03
47.7,-244.018,-235.193,3,23.02
47.8,-249.507,-239.625,1,23.4
47.8,-241.391,-252.454,2,23.03
47.8,-244.084,-235.393,3,23.02
47.9,-249.842,-239.574,1,23.4
47.9,-241.617,-252.521,2,23.03
47.9,-244.149,-235.592,3,23.02
48.0,-250.177,-239.524,1,23.4
48.0,-241.844,-252.589,2,23.03
48.0,-244.214,-235.801,3,23.02
48.1,-250.147,-239.652,1,23.4
48.1,-242.103,-252.586,2,23.03
48.1,-244.267,-236.19,3,23.02
48.2,-249.941,-239.867,1,23.4
48.2,-242.421,-252.462,2,23.03
48.2,-244.319,-236.58,3,23.02
48.3,-249.735,-240.082,1,23.4
48.3,-242.739,-252.338,2,23.03
48.3,-244.398,-236.593,3,23.02
48.4,-249.485,-240.184,1,23.4
48.4,-242.84,-252.387,2,23.03
48.4,-244.502,-236.235,3,23.02
48.5,-249.14,-240.038,1,23.4
48.5,-242.658,-252.665,2,23.03
48.5,-244.606,-235.877,3,23.02
48.6,-248.795,-239.893,1,23.4
48.6,-242.476,-252.942,2,23.03
48.6,-244.379,-235.683,3,23.02
48.7,-248.603,-239.996,1,23.4
48.7,-242.217,-253.086,2,23.03
48.7,-244.08,-235.524,3,23.02
48.8,-248.496,-240.236,1,23.4
48.8,-241.85,-253.044,2,23.03
48.8,-243.781,-235.366,3,23.02
48.9,-248.389,-240.477,1,23.4
48.9,-241.482,-253.002,2,23.03
48.9,-243.634,-235.042,3,23.02
49.0,-248.282,-240.717,1,23.4
49.0,-241.16,-252.919,2,23.03
49.0,-243.511,-234.693,3,23.02
49.1,-248.061,-240.923,1,23.4
49.1,-240.855,-252.82,2,23.03
49.1,-243.384,-234.453,3,23.02
49.2,-247.818,-241.122,1,23.4
49.2,-240.551,-252.721,2,23.03
49.2,-243.236,-234.762,3,23.02
49.3,-247.575,-241.321,1,23.4
49.3,-240.549,-252.763,2,23.03
49.3,-243.089,-235.07,3,23.02
49.4,-247.621,-241.181,1,23.4
49.4,-240.758,-252.903,2,23.03
49.4,-242.922,-235.305,3,23.02
49.5,-247.816,-240.865,1,23.4
49.5,-240.967,-253.043,2,23.03
49.5,-242.697,-235.308,3,23.02
49.6,-248.011,-240.549,1,23.4
49.6,-241.176,-253.183,2,23.03
49.6,-242.472,-235.311,3,23.02
49.7,-247.731,-240.395,1,23.4
49.7,-241.431,-253.24,2,23.03
49.7,-242.247,-235.314,3,23.02
49.8,-247.434,-240.247,1,23.4
49.8,-241.716,-253.245,2,23.03
49.8,-242.022,-235.317,3,23.02
49.9,-247.137,-240.098,1,23.4
49.9,-242.0,-253.25,2,23.03
49.9,-241.801,-235.382,3,23.02
50.0,-246.817,-239.932,1,23.4
50.0,-242.238,-253.225,2,23.03
50.0,-241.581,-235.463,3,23.02
50.1,-246.497,-239.765,1,23.4
50.1,-242.046,-252.93,2,23.03
50.1,-241.361,-235.543,3,23.02
50.2,-246.18,-239.621,1,23.4
50.2,-241.855,-252.636,2,23.03
50.2,-241.141,-235.623,3,23.02
50.3,-245.875,-239.578,1,23.4
50.3,-241.766,-252.432,2,23.03
50.3,-241.174,-235.727,3,23.02
50.4,-245.571,-239.535,1,23.4
50.4,-241.982,-252.497,2,23.03
50.4,-241.428,-235.852,3,23.02
50.5,-245.266,-239.491,1,23.4
50.5,-242.198,-252.563,2,23.03
50.5,-241.682,-235.977,3,23.02
50.6,-245.446,-239.388,1,23.4
50.6,-242.414,-252.628,2,23.03
50.6,-241.936,-236.102,3,23.02
50.7,-245.659,-239.279,1,23.4
50.7,-242.63,-252.693,2,23.03
50.7,-241.94,-236.362,3,23.02
50.8,-245.873,-239.171,1,23.4
50.8,-242.614,-252.961,2,23.03
50.8,-241.944,-236.623,3,23.02
50.9,-246.086,-239.063,1,23.4
50.9,-242.546,-253.275,2,23.03
50.9,-241.948,-236.884,3,23.02
51.0,-246.191,-239.245,1,23.4
51.0,-242.479,-253.589,2,23.03
51.0,-241.902,-237.062,3,23.02
51.1,-246.26,-239.522,1,23.4
51.1,-242.593,-253.62,2,23.03
51.1,-241.609,-236.834,3,23.02
51.2,-246.33,-239.799,1,23.4
51.2,-242.784,-253.531,2,23.03
51.2,-241.316,-236.606,3,23.02
51.3,-246.303,-240.025,1,23.4
51.3,-242.975,-253.442,2,23.03
51.3,-241.328,-236.425,3,23.02
51.4,-245.99,-240.098,1,23.4
51.4,-243.166,-253.352,2,23.03
51.4,-241.675,-236.296,3,23.02
51.5,-245.676,-240.171,1,23.4
51.5,-243.357,-253.263,2,23.03
51.5,-242.023,-236.167,3,23.02
51.6,-245.391,-240.271,1,23.4
51.6,-243.205,-253.107,2,23.03
51.6,-241.955,-236.195,3,23.02
51.7,-245.274,-240.532,1,23.4
51.7,-243.038,-252.947,2,23.03
51.7,-241.766,-236.268,3,23.02
51.8,-245.157,-240.793,1,23.4
51.8,-242.871,-252.787,2,23.03
51.8,-241.578,-236.341,3,23.02
51.9,-245.039,-241.054,1,23.4
51.9,-242.704,-252.627,2,23.03
51.9,-241.39,-236.414,3,23.02
52.0,-245.245,-241.085,1,23.4
52.0,-242.696,-252.684,2,23.03
52.0,-241.202,-236.487,3,23.02
52.1,-245.626,-240.992,1,23.4
52.1,-242.781,-252.867,2,23.03
52.1,-241.109,-236.756,3,23.02
52.2,-245.972,-240.93,1,23.4
52.2,-242.865,-253.051,2,23.03
52.2,-241.037,-237.068,3,23.02
52.3,-246.003,-241.161,1,23.4
52.3,-242.95,-253.234,2,23.03
52.3,-240.964,-237.38,3,23.02
52.4,-246.034,-241.391,1,23.4
52.4,-243.034,-253.418,2,23.03
52.4,-241.021,-237.301,3,23.02
52.5,-246.064,-241.621,1,23.4
52.5,-243.291,-253.539,2,23.03
52.5,-241.134,-237.054,3,23.02
52.6,-246.095,-241.852,1,23.4
52.6,-243.628,-253.631,2,23.03
52.6,-241.247,-236.806,3,23.02
52.7,-246.285,-241.952,1,23.4
52.7,-243.965,-253.722,2,23.03
52.7,-241.365,-236.568,3,23.02
52.8,-246.516,-242.02,1,23.4
52.8,-243.772,-253.927,2,23.03
52.8,-241.712,-236.736,3,23.02
52.9,-246.748,-242.087,1,23.4
52.9,-243.462,-254.157,2,23.03
52.9,-242.059,-236.904,3,23.02
53.0,-246.979,-242.155,1,23.4
53.0,-243.274,-254.356,2,23.03
53.0,-242.196,-237.084,3,23.02
53.1,-246.963,-242.03,1,23.4
53.1,-243.502,-254.451,2,23.03
53.1,-242.056,-237.28,3,23.02
53.2,-246.811,-241.8,1,23.4
53.2,-243.73,-254.546,2,23.03
53.2,-241.915,-237.476,3,23.02
53.3,-246.659,-241.569,1,23.4
53.3,-243.958,-254.641,2,23.03
53.3,-241.774,-237.672,3,23.02
53.4,-246.513,-241.348,1,23.4
53.4,-244.126,-254.668,2,23.03
53.4,-241.675,-237.887,3,23.02
53.5,-246.636,-241.507,1,23.4
53.5,-244.015,-254.37,2,23.03
53.5,-241.679,-238.147,3,23.02
53.6,-246.759,-241.667,1,23.4
53.6,-243.903,-254.072,2,23.03
53.6,-241.682,-238.406,3,23.02
53.7,-246.882,-241.827,1,23.4
53.7,-243.788,-253.79,2,23.03
53.7,-241.686,-238.666,3,23.02
53.8,-247.005,-241.987,1,23.4
53.8,-243.566,-254.005,2,23.03
53.8,-241.59,-238.957,3,23.02
53.9,-247.105,-242.136,1,23.4
53.9,-243.343,-254.221,2,23.03
53.9,-241.368,-239.288,3,23.02
54.0,-246.861,-242.128,1,23.4
54.0,-243.121,-254.437,2,23.03
54.0,-241.146,-239.62,3,23.02
54.1,-246.617,-242.121,1,23.4
54.1,-242.856,-254.293,2,23.03
54.1,-241.096,-239.431,3,23.02
54.2,-246.373,-242.113,1,23.4
54.2,-242.582,-254.061,2,23.03
54.2,-241.059,-239.203,3,23.02
54.3,-246.129,-242.105,1,23.4
54.3,-242.316,-253.836,2,23.03
54.3,-241.021,-238.976,3,23.02
54.4,-246.342,-241.815,1,23.4
54.4,-242.448,-253.992,2,23.03
54.4,-240.984,-238.749,3,23.02
54.5,-246.572,-241.516,1,23.4
54.5,-242.579,-254.149,2,23.03
54.5,-240.966,-238.436,3,23.02
54.6,-246.842,-241.365,1,23.4
54.6,-242.711,-254.305,2,23.03
54.6,-240.963,-238.063,3,23.02
54.7,-247.2,-241.537,1,23.4
54.7,-242.843,-254.461,2,23.03
54.7,-240.96,-237.69,3,23.02
54.8,-247.559,-241.708,1,23.4
54.8,-242.914,-254.621,2,23.03
54.8,-241.011,-237.47,3,23.02
54.9,-247.66,-241.575,1,23.4
54.9,-242.565,-254.805,2,23.03
54.9,-241.068,-237.266,3,23.02
55.0,-247.698,-241.366,1,23.4
55.0,-242.215,-254.989,2,23.03
55.0,-241.126,-237.061,3,23.02
55.1,-247.736,-241.157,1,23.4
55.1,-242.0,-254.841,2,23.03
55.1,-241.183,-236.856,3,23.02
55.2,-247.774,-240.948,1,23.4
55.2,-241.876,-254.467,2,23.03
55.2,-241.274,-236.66,3,23.02
55.3,-247.821,-240.777,1,23.4
55.3,-241.765,-254.101,2,23.03
55.3,-241.501,-236.493,3,23.02
55.4,-247.958,-240.975,1,23.4
55.4,-241.848,-253.872,2,23.03
55.4,-241.728,-236.327,3,23.02
55.5,-248.094,-241.174,1,23.4
55.5,-241.931,-253.644,2,23.03
55.5,-241.955,-236.161,3,23.02
55.6,-248.231,-241.372,1,23.4
55.6,-242.014,-253.415,2,23.03
55.6,-242.161,-235.884,3,23.02
55.7,-248.368,-241.571,1,23.4
55.7,-242.097,-253.187,2,23.03
55.7,-242.357,-235.547,3,23.02
55.8,-248.268,-241.321,1,23.4
55.8,-241.793,-253.309,2,23.03
55.8,-242.559,-235.217,3,23.02
55.9,-248.155,-241.045,1,23.4
55.9,-241.467,-253.452,2,23.03
55.9,-242.838,-234.962,3,23.02
56.0,-248.041,-240.769,1,23.4
56.0,-241.236,-253.561,2,23.03
56.0,-243.117,-234.708,3,23.02
56.1,-247.854,-240.699,1,23.4
56.1,-241.607,-253.459,2,23.03
56.1,-243.263,-234.427,3,23.02
56.2,-247.615,-240.769,1,23.4
56.2,-241.978,-253.357,2,23.03
56.2,-243.234,-234.11,3,23.02
56.3,-247.377,-240.84,1,23.4
56.3,-242.189,-253.513,2,23.03
56.3,-243.204,-233.794,3,23.02
56.4,-247.139,-240.911,1,23.4
56.4,-242.261,-253.89,2,23.03
56.4,-243.2,-233.635,3,23.02
56.5,-246.854,-240.889,1,23.4
56.5,-242.334,-254.267,2,23.03
56.5,-243.262,-233.873,3,23.02
56.6,-246.535,-240.797,1,23.4
56.6,-242.483,-254.039,2,23.03
56.6,-243.324,-234.111,3,23.02
56.7,-246.217,-240.705,1,23.4
56.7,-242.638,-253.768,2,23.03
56.7,-243.386,-234.349,3,23.02
56.8,-246.204,-240.597,1,23.4
56.8,-242.793,-253.496,2,23.03
56.8,-243.469,-234.488,3,23.02
56.9,-246.436,-240.475,1,23.4
56.9,-242.885,-253.707,2,23.03
56.9,-243.626,-234.274,3,23.02
57.0,-246.668,-240.353,1,23.4
57.0,-242.952,-254.094,2,23.03
57.0,-243.784,-234.06,3,23.02
57.1,-246.899,-240.232,1,23.4
57.1,-243.032,-254.381,2,23.03
57.1,-243.941,-233.846,3,23.02
57.2,-247.156,-240.29,1,23.4
57.2,-243.168,-254.233,2,23.03
57.2,-244.118,-233.591,3,23.02
57.3,-247.421,-240.412,1,23.4
57.3,-243.304,-254.085,2,23.03
57.3,-244.317,-233.288,3,23.02
57.4,-247.686,-240.534,1,23.4
57.4,-243.44,-253.937,2,23.03
57.4,-244.517,-232.985,3,23.02
57.5,-247.791,-240.598,1,23.4
57.5,-243.575,-253.788,2,23.03
57.5,-244.347,-233.02,3,23.02
57.6,-247.543,-240.534,1,23.4
57.6,-243.701,-253.616,2,23.03
57.6,-244.019,-233.2,3,23.02
57.7,-247.295,-240.47,1,23.4
57.7,-243.786,-253.356,2,23.03
57.7,-243.702,-233.381,3,23.02
57.8,-247.048,-240.405,1,23.4
57.8,-243.872,-253.096,2,23.03
57.8,-243.76,-233.596,3,23.02
57.9,-246.784,-240.341,1,23.4
57.9,-243.957,-252.835,2,23.03
57.9,-243.818,-233.811,3,23.02
58.0,-246.499,-240.279,1,23.4
58.0,-243.796,-252.749,2,23.03
58.0,-243.875,-234.025,3,23.02
58.1,-246.214,-240.216,1,23.4
58.1,-243.442,-252.797,2,23.03
58.1,-243.933,-234.24,3,23.02
58.2,-245.928,-240.154,1,23.4
58.2,-243.088,-252.846,2,23.03
58.2,-244.095,-234.455,3,23.02
58.3,-246.214,-240.017,1,23.4
58.3,-243.156,-253.005,2,23.03
58.3,-244.348,-234.669,3,23.02
58.4,-246.509,-239.879,1,23.4
58.4,-243.356,-253.199,2,23.03
58.4,-244.601,-234.884,3,23.02
58.5,-246.804,-239.741,1,23.4
58.5,-243.555,-253.392,2,23.03
58.5,-244.548,-234.963,3,23.02
58.6,-247.007,-239.597,1,23.4
58.6,-243.721,-253.499,2,23.03
58.6,-244.208,-234.914,3,23.02
58.7,-247.201,-239.452,1,23.4
58.7,-243.719,-253.168,2,23.03
58.7,-243.867,-234.865,3,23.02
58.8,-247.396,-239.308,1,23.4
58.8,-243.717,-252.837,2,23.03
58.8,-243.807,-235.026,3,23.02
58.9,-247.59,-239.163,1,23.4
58.9,-243.699,-252.582,2,23.03
58.9,-243.928,-235.322,3,23.02
59.0,-247.417,-239.296,1,23.4
59.0,-243.592,-252.78,2,23.03
59.0,-244.05,-235.618,3,23.02
59.1,-247.144,-239.504,1,23.4
59.1,-243.485,-252.977,2,23.03
59.1,-243.964,-235.754,3,23.02
59.2,-246.87,-239.713,1,23.4
59.2,-243.377,-253.175,2,23.03
59.2,-243.653,-235.717,3,23.02
59.3,-246.657,-239.46,1,23.4
59.3,-243.27,-253.372,2,23.03
59.3,-243.343,-235.68,3,23.02
59.4,-246.453,-239.143,1,23.4
59.4,-243.097,-253.254,2,23.03
59.4,-243.095,-235.56,3,23.02
59.5,-246.346,-238.936,1,23.4
59.5,-242.895,-252.997,2,23.03
59.5,-243.006,-235.22,3,23.02
59.6,-246.57,-239.099,1,23.4
59.6,-242.693,-252.741,2,23.03
59.6,-242.918,-234.881,3,23.02
59.7,-246.795,-239.262,1,23.4
59.7,-242.616,-252.495,2,23.03
59.7,-242.964,-234.666,3,23.02
59.8,-247.019,-239.426,1,23.4
59.8,-242.61,-252.256,2,23.03
59.8,-243.194,-234.617,3,23.02
59.9,-247.164,-239.324,1,23.4
59.9,-242.605,-252.017,2,23.03
59.9,-243.423,-234.568,3,23.02
